traceId,segmentId,spanId,parentSpanId,parentSegmentId,serviceCode,serviceInstanceName,startTime,endTime,endpointName,type,peer,component,isError,layer,childs
bd18e09088e349c69b43c47e873b1de0.20929.16820538429780001,bd18e09088e349c69b43c47e873b1de0.20929.16820538429780000,0,-1,,ts-payment-service,423f7131bc8f402494418a52f0f60ec2@10.244.6.30,1682053842978,1682053842979,Mysql/JDBI/Connection/close,Exit,tsdb-mysql-leader:3306,mysql-connector-java,false,Database,
a480bb0dfae64169b3e10d1d2febb5c5.22041.16820532591420001,a480bb0dfae64169b3e10d1d2febb5c5.22041.16820532591420000,0,-1,,ts-food-service,b52e0d29d7b14ec299783916a25d96f7@10.244.4.40,1682053259142,1682053259142,Mysql/JDBI/Connection/close,Exit,tsdb-mysql-leader:3306,mysql-connector-java,false,Database,
ede2768f5421415183c8d3bb70c95835.20793.16820540992710001,ede2768f5421415183c8d3bb70c95835.20793.16820540992710000,0,-1,,ts-food-delivery-service,6b755a05a1af4556b054da2993993eb9@10.244.6.28,1682054099271,1682054099271,Mysql/JDBI/Connection/close,Exit,tsdb-mysql-leader:3306,mysql-connector-java,false,Database,
7e164eaf35e4498395ca3585b239ad22.21306.16820540736520001,7e164eaf35e4498395ca3585b239ad22.21306.16820540736520000,0,-1,,ts-consign-price-service,3f9c01d70cbf4405a495d85609693754@10.244.5.42,1682054073652,1682054073652,Mysql/JDBI/Connection/close,Exit,tsdb-mysql-leader:3306,mysql-connector-java,false,Database,
1497eb66837f4ecb802cfa725c24dd42.21445.16820541112040001,1497eb66837f4ecb802cfa725c24dd42.21445.16820541112040000,0,-1,,ts-assurance-service,5c0f0936b49241f5bf94a1036112ea10@10.244.5.40,1682054111204,1682054111206,Mysql/JDBI/Connection/close,Exit,tsdb-mysql-leader:3306,mysql-connector-java,false,Database,
355d03eba4224393923dfeb9a71122de.21404.16820540993670001,355d03eba4224393923dfeb9a71122de.21404.16820540993670000,0,-1,,ts-delivery-service,311a4e226fca4b698a622b4938a7dda4@10.244.5.36,1682054099367,1682054099368,Mysql/JDBI/Connection/close,Exit,tsdb-mysql-leader:3306,mysql-connector-java,false,Database,
a2fdd88fe9964512a39cb03503574b3e.21032.16820540937400001,a2fdd88fe9964512a39cb03503574b3e.21032.16820540937400000,0,-1,,ts-order-service,19997fafb85a4ecca27f05a39e49d63a@10.244.6.36,1682054093740,1682054093741,Mysql/JDBI/Connection/close,Exit,tsdb-mysql-leader:3306,mysql-connector-java,false,Database,
67637fedc3e2414b8a09e62324b2b4d7.21207.16820540579470001,67637fedc3e2414b8a09e62324b2b4d7.21207.16820540579470000,0,-1,,ts-train-service,6ddd672a77654b3c8040af40114829c5@10.244.1.178,1682054057947,1682054057947,Mysql/JDBI/Connection/close,Exit,tsdb-mysql-leader:3306,mysql-connector-java,false,Database,
9d36866e3bf049218dc92af751ca9c1f.21841.16820540343200003,9d36866e3bf049218dc92af751ca9c1f.21841.16820540343200002,0,-1,,ts-consign-service,64e546320c6c4136b5ef5ee1982ae02c@10.244.3.32,1682054034320,1682054034320,Mysql/JDBI/Connection/close,Exit,tsdb-mysql-leader:3306,mysql-connector-java,false,Database,
67637fedc3e2414b8a09e62324b2b4d7.21195.16820540258190001,67637fedc3e2414b8a09e62324b2b4d7.21195.16820540258190000,0,-1,,ts-train-service,6ddd672a77654b3c8040af40114829c5@10.244.1.178,1682054025819,1682054025819,Mysql/JDBI/Connection/close,Exit,tsdb-mysql-leader:3306,mysql-connector-java,false,Database,
a480bb0dfae64169b3e10d1d2febb5c5.22063.16820533230870001,a480bb0dfae64169b3e10d1d2febb5c5.22063.16820533230870000,0,-1,,ts-food-service,b52e0d29d7b14ec299783916a25d96f7@10.244.4.40,1682053323087,1682053323088,Mysql/JDBI/Connection/close,Exit,tsdb-mysql-leader:3306,mysql-connector-java,false,Database,
7e164eaf35e4498395ca3585b239ad22.21295.16820540351850001,7e164eaf35e4498395ca3585b239ad22.21295.16820540351850000,0,-1,,ts-consign-price-service,3f9c01d70cbf4405a495d85609693754@10.244.5.42,1682054035185,1682054035187,Mysql/JDBI/Connection/close,Exit,tsdb-mysql-leader:3306,mysql-connector-java,false,Database,
8ae77d76efce4e49bb0c0a27f66449e0.21202.16820538973710001,8ae77d76efce4e49bb0c0a27f66449e0.21202.16820538973710000,0,-1,,ts-user-service,bfc35afa33304bfdace76599fb3768bd@10.244.5.34,1682053897371,1682053897371,Mysql/JDBI/Connection/close,Exit,tsdb-mysql-leader:3306,mysql-connector-java,false,Database,
1497eb66837f4ecb802cfa725c24dd42.21393.16820539287510001,1497eb66837f4ecb802cfa725c24dd42.21393.16820539287510000,0,-1,,ts-assurance-service,5c0f0936b49241f5bf94a1036112ea10@10.244.5.40,1682053928751,1682053928752,Mysql/JDBI/Connection/close,Exit,tsdb-mysql-leader:3306,mysql-connector-java,false,Database,
ea80fd349404451d9c4c2c5be7fb6d5d.21913.16820541086310001,ea80fd349404451d9c4c2c5be7fb6d5d.21913.16820541086310000,0,-1,,ts-auth-service,149e5cdc939f43adad0035797b056e89@10.244.6.35,1682054108631,1682054108632,Mysql/JDBI/Connection/close,Exit,tsdb-mysql-leader:3306,mysql-connector-java,false,Database,
bd18e09088e349c69b43c47e873b1de0.20989.16820540900650001,bd18e09088e349c69b43c47e873b1de0.20989.16820540900650000,0,-1,,ts-payment-service,423f7131bc8f402494418a52f0f60ec2@10.244.6.30,1682054090065,1682054090065,Mysql/JDBI/Connection/close,Exit,tsdb-mysql-leader:3306,mysql-connector-java,false,Database,
5ef425735b4440c58f04c03396efb25a.21644.16820540009080001,5ef425735b4440c58f04c03396efb25a.21644.16820540009080000,0,-1,,ts-security-service,a9483e2e4ccd4707bb522d7cfb80b1fe@10.244.1.174,1682054000908,1682054000909,Mysql/JDBI/Connection/close,Exit,tsdb-mysql-leader:3306,mysql-connector-java,false,Database,
dfd11e89d08b4f03bd8a811103ca519f.21085.16820532597570003,dfd11e89d08b4f03bd8a811103ca519f.21085.16820532597570002,0,-1,,ts-route-service,0e9022f0400e4b07a3ae2863ec0c9d68@10.244.4.36,1682053259757,1682053259757,Mysql/JDBI/Connection/close,Exit,tsdb-mysql-leader:3306,mysql-connector-java,false,Database,
dfd11e89d08b4f03bd8a811103ca519f.21081.16820532515950001,dfd11e89d08b4f03bd8a811103ca519f.21081.16820532515950000,0,-1,,ts-route-service,0e9022f0400e4b07a3ae2863ec0c9d68@10.244.4.36,1682053251595,1682053251596,Mysql/JDBI/Connection/close,Exit,tsdb-mysql-leader:3306,mysql-connector-java,false,Database,
355d03eba4224393923dfeb9a71122de.21388.16820540433430001,355d03eba4224393923dfeb9a71122de.21388.16820540433430000,0,-1,,ts-delivery-service,311a4e226fca4b698a622b4938a7dda4@10.244.5.36,1682054043343,1682054043344,Mysql/JDBI/Connection/close,Exit,tsdb-mysql-leader:3306,mysql-connector-java,false,Database,
ddfa5ef029554d5f937e0d853b8791d8.22069.16820540151050001,ddfa5ef029554d5f937e0d853b8791d8.22069.16820540151050000,0,-1,,ts-inside-payment-service,bc085263729c4beab3d61ab4d9bb4696@10.244.5.44,1682054015105,1682054015106,Mysql/JDBI/Connection/close,Exit,tsdb-mysql-leader:3306,mysql-connector-java,false,Database,
e97e76b2fd8b40c88aab1f65e71f21ee.22083.16820533358470001,e97e76b2fd8b40c88aab1f65e71f21ee.22083.16820533358470000,0,-1,,ts-travel2-service,41db7d26c6ed45a7a1a42470223b7976@10.244.4.37,1682053335847,1682053335848,Mysql/JDBI/Connection/close,Exit,tsdb-mysql-leader:3306,mysql-connector-java,false,Database,
a480bb0dfae64169b3e10d1d2febb5c5.22046.16820532682470001,a480bb0dfae64169b3e10d1d2febb5c5.22046.16820532682470000,0,-1,,ts-food-service,b52e0d29d7b14ec299783916a25d96f7@10.244.4.40,1682053268247,1682053268247,Mysql/JDBI/Connection/close,Exit,tsdb-mysql-leader:3306,mysql-connector-java,false,Database,
9d36866e3bf049218dc92af751ca9c1f.21841.16820540337910001,9d36866e3bf049218dc92af751ca9c1f.21841.16820540337910000,0,-1,,ts-consign-service,64e546320c6c4136b5ef5ee1982ae02c@10.244.3.32,1682054033791,1682054033792,Mysql/JDBI/Connection/close,Exit,tsdb-mysql-leader:3306,mysql-connector-java,false,Database,
76299b20382242d29bd040a1630b2b33.20981.16820540158780001,76299b20382242d29bd040a1630b2b33.20981.16820540158780000,0,-1,,ts-notification-service,f3305785de834e4aa6d2538afaa20382@10.244.1.183,1682054015878,1682054015878,Mysql/JDBI/Connection/close,Exit,tsdb-mysql-leader:3306,mysql-connector-java,false,Database,
1497eb66837f4ecb802cfa725c24dd42.21427.16820540564640001,1497eb66837f4ecb802cfa725c24dd42.21427.16820540564640000,0,-1,,ts-assurance-service,5c0f0936b49241f5bf94a1036112ea10@10.244.5.40,1682054056464,1682054056465,Mysql/JDBI/Connection/close,Exit,tsdb-mysql-leader:3306,mysql-connector-java,false,Database,
1497eb66837f4ecb802cfa725c24dd42.21431.16820540667990001,1497eb66837f4ecb802cfa725c24dd42.21431.16820540667990000,0,-1,,ts-assurance-service,5c0f0936b49241f5bf94a1036112ea10@10.244.5.40,1682054066799,1682054066800,Mysql/JDBI/Connection/close,Exit,tsdb-mysql-leader:3306,mysql-connector-java,false,Database,
9d36866e3bf049218dc92af751ca9c1f.21849.16820540530630001,9d36866e3bf049218dc92af751ca9c1f.21849.16820540530630000,0,-1,,ts-consign-service,64e546320c6c4136b5ef5ee1982ae02c@10.244.3.32,1682054053063,1682054053064,Mysql/JDBI/Connection/close,Exit,tsdb-mysql-leader:3306,mysql-connector-java,false,Database,
99a68a2fd67f4e3aadfc6b0d2674c17e.21455.16820541188690001,99a68a2fd67f4e3aadfc6b0d2674c17e.21455.16820541188690000,0,-1,,ts-travel-service,e97144b347404c96bc944fefa4fa9eeb@10.244.3.42,1682054118869,1682054118870,Mysql/JDBI/Connection/close,Exit,tsdb-mysql-leader:3306,mysql-connector-java,false,Database,
a480bb0dfae64169b3e10d1d2febb5c5.22050.16820532863390001,a480bb0dfae64169b3e10d1d2febb5c5.22050.16820532863390000,0,-1,,ts-food-service,b52e0d29d7b14ec299783916a25d96f7@10.244.4.40,1682053286340,1682053286340,Mysql/JDBI/Connection/close,Exit,tsdb-mysql-leader:3306,mysql-connector-java,false,Database,
5ef425735b4440c58f04c03396efb25a.21680.16820541177610001,5ef425735b4440c58f04c03396efb25a.21680.16820541177610000,0,-1,,ts-security-service,a9483e2e4ccd4707bb522d7cfb80b1fe@10.244.1.174,1682054117761,1682054117762,Mysql/JDBI/Connection/close,Exit,tsdb-mysql-leader:3306,mysql-connector-java,false,Database,
a480bb0dfae64169b3e10d1d2febb5c5.22055.16820533001990001,a480bb0dfae64169b3e10d1d2febb5c5.22055.16820533001990000,0,-1,,ts-food-service,b52e0d29d7b14ec299783916a25d96f7@10.244.4.40,1682053300199,1682053300199,Mysql/JDBI/Connection/close,Exit,tsdb-mysql-leader:3306,mysql-connector-java,false,Database,
1497eb66837f4ecb802cfa725c24dd42.21445.16820541143140003,1497eb66837f4ecb802cfa725c24dd42.21445.16820541143140002,0,-1,,ts-assurance-service,5c0f0936b49241f5bf94a1036112ea10@10.244.5.40,1682054114314,1682054114314,Mysql/JDBI/Connection/close,Exit,tsdb-mysql-leader:3306,mysql-connector-java,false,Database,
ede2768f5421415183c8d3bb70c95835.20786.16820540847340003,ede2768f5421415183c8d3bb70c95835.20786.16820540847340002,0,-1,,ts-food-delivery-service,6b755a05a1af4556b054da2993993eb9@10.244.6.28,1682054084734,1682054084734,Mysql/JDBI/Connection/close,Exit,tsdb-mysql-leader:3306,mysql-connector-java,false,Database,
c2b3b34f45d64c0a803a1e2aed305314.21346.16820540522410003,c2b3b34f45d64c0a803a1e2aed305314.21346.16820540522410002,0,-1,,ts-wait-order-service,cdbd52925a2447ef8d45e91cc8620211@10.244.6.33,1682054052241,1682054052241,Mysql/JDBI/Connection/close,Exit,tsdb-mysql-leader:3306,mysql-connector-java,false,Database,
76299b20382242d29bd040a1630b2b33.21011.16820541260950001,76299b20382242d29bd040a1630b2b33.21011.16820541260950000,0,-1,,ts-notification-service,f3305785de834e4aa6d2538afaa20382@10.244.1.183,1682054126095,1682054126095,Mysql/JDBI/Connection/close,Exit,tsdb-mysql-leader:3306,mysql-connector-java,false,Database,
ea80fd349404451d9c4c2c5be7fb6d5d.21896.16820540479020001,ea80fd349404451d9c4c2c5be7fb6d5d.21896.16820540479020000,0,-1,,ts-auth-service,149e5cdc939f43adad0035797b056e89@10.244.6.35,1682054047902,1682054047903,Mysql/JDBI/Connection/close,Exit,tsdb-mysql-leader:3306,mysql-connector-java,false,Database,
8ae77d76efce4e49bb0c0a27f66449e0.21255.16820541122460003,8ae77d76efce4e49bb0c0a27f66449e0.21255.16820541122460002,0,-1,,ts-user-service,bfc35afa33304bfdace76599fb3768bd@10.244.5.34,1682054112246,1682054112246,Mysql/JDBI/Connection/close,Exit,tsdb-mysql-leader:3306,mysql-connector-java,false,Database,
ddfa5ef029554d5f937e0d853b8791d8.22101.16820541270400001,ddfa5ef029554d5f937e0d853b8791d8.22101.16820541270400000,0,-1,,ts-inside-payment-service,bc085263729c4beab3d61ab4d9bb4696@10.244.5.44,1682054127040,1682054127041,Mysql/JDBI/Connection/close,Exit,tsdb-mysql-leader:3306,mysql-connector-java,false,Database,
649c6cfddcdb43d59f70ea5f5f045064.21224.16820540996460001,649c6cfddcdb43d59f70ea5f5f045064.21224.16820540996460000,0,-1,,ts-station-food-service,23003b3e251c46ba90a80f2c21513a86@10.244.2.204,1682054099646,1682054099646,Mysql/JDBI/Connection/close,Exit,tsdb-mysql-leader:3306,mysql-connector-java,false,Database,
99a68a2fd67f4e3aadfc6b0d2674c17e.21447.16820540955090001,99a68a2fd67f4e3aadfc6b0d2674c17e.21447.16820540955090000,0,-1,,ts-travel-service,e97144b347404c96bc944fefa4fa9eeb@10.244.3.42,1682054095509,1682054095509,Mysql/JDBI/Connection/close,Exit,tsdb-mysql-leader:3306,mysql-connector-java,false,Database,
8ae77d76efce4e49bb0c0a27f66449e0.21216.16820539521720001,8ae77d76efce4e49bb0c0a27f66449e0.21216.16820539521720000,0,-1,,ts-user-service,bfc35afa33304bfdace76599fb3768bd@10.244.5.34,1682053952172,1682053952173,Mysql/JDBI/Connection/close,Exit,tsdb-mysql-leader:3306,mysql-connector-java,false,Database,
a2fdd88fe9964512a39cb03503574b3e.21013.16820540201260005,a2fdd88fe9964512a39cb03503574b3e.21013.16820540201260004,0,-1,,ts-order-service,19997fafb85a4ecca27f05a39e49d63a@10.244.6.36,1682054020126,1682054020126,Mysql/JDBI/Connection/close,Exit,tsdb-mysql-leader:3306,mysql-connector-java,false,Database,
ede2768f5421415183c8d3bb70c95835.20799.16820541196740001,ede2768f5421415183c8d3bb70c95835.20799.16820541196740000,0,-1,,ts-food-delivery-service,6b755a05a1af4556b054da2993993eb9@10.244.6.28,1682054119674,1682054119674,Mysql/JDBI/Connection/close,Exit,tsdb-mysql-leader:3306,mysql-connector-java,false,Database,
ea80fd349404451d9c4c2c5be7fb6d5d.21918.16820541219480003,ea80fd349404451d9c4c2c5be7fb6d5d.21918.16820541219480002,0,-1,,ts-auth-service,149e5cdc939f43adad0035797b056e89@10.244.6.35,1682054121948,1682054121949,Mysql/JDBI/Connection/close,Exit,tsdb-mysql-leader:3306,mysql-connector-java,false,Database,
ea80fd349404451d9c4c2c5be7fb6d5d.21882.16820540060770001,ea80fd349404451d9c4c2c5be7fb6d5d.21882.16820540060770000,0,-1,,ts-auth-service,149e5cdc939f43adad0035797b056e89@10.244.6.35,1682054006077,1682054006077,Mysql/JDBI/Connection/close,Exit,tsdb-mysql-leader:3306,mysql-connector-java,false,Database,
67637fedc3e2414b8a09e62324b2b4d7.21221.16820540970720001,67637fedc3e2414b8a09e62324b2b4d7.21221.16820540970720000,0,-1,,ts-train-service,6ddd672a77654b3c8040af40114829c5@10.244.1.178,1682054097072,1682054097072,Mysql/JDBI/Connection/close,Exit,tsdb-mysql-leader:3306,mysql-connector-java,false,Database,
99a68a2fd67f4e3aadfc6b0d2674c17e.21418.16820540118450001,99a68a2fd67f4e3aadfc6b0d2674c17e.21418.16820540118450000,0,-1,,ts-travel-service,e97144b347404c96bc944fefa4fa9eeb@10.244.3.42,1682054011845,1682054011845,Mysql/JDBI/Connection/close,Exit,tsdb-mysql-leader:3306,mysql-connector-java,false,Database,
99a68a2fd67f4e3aadfc6b0d2674c17e.21424.16820540220620001,99a68a2fd67f4e3aadfc6b0d2674c17e.21424.16820540220620000,0,-1,,ts-travel-service,e97144b347404c96bc944fefa4fa9eeb@10.244.3.42,1682054022062,1682054022062,Mysql/JDBI/Connection/close,Exit,tsdb-mysql-leader:3306,mysql-connector-java,false,Database,
c2b3b34f45d64c0a803a1e2aed305314.21350.16820540650040003,c2b3b34f45d64c0a803a1e2aed305314.21350.16820540650040002,0,-1,,ts-wait-order-service,cdbd52925a2447ef8d45e91cc8620211@10.244.6.33,1682054065004,1682054065005,Mysql/JDBI/Connection/close,Exit,tsdb-mysql-leader:3306,mysql-connector-java,false,Database,
7f38cfc374fc41d088e67ceaaf6e1ba8.21118.16820533080900001,7f38cfc374fc41d088e67ceaaf6e1ba8.21118.16820533080900000,0,-1,,ts-station-service,55ac6c120576440e8aa40373b997a7ba@10.244.4.34,1682053308090,1682053308090,Mysql/JDBI/Connection/close,Exit,tsdb-mysql-leader:3306,mysql-connector-java,false,Database,
7bbdd9d2feb94b07a865ccee2acb8d20.21035.16820532956280001,7bbdd9d2feb94b07a865ccee2acb8d20.21035.16820532956280000,0,-1,,ts-contacts-service,2439717ceef5475f8982e3fb1db75b59@10.244.4.35,1682053295628,1682053295629,Mysql/JDBI/Connection/close,Exit,tsdb-mysql-leader:3306,mysql-connector-java,false,Database,
dcb821ce267b4c1198b13d414a518605.21135.16820540888990001,dcb821ce267b4c1198b13d414a518605.21135.16820540888990000,0,-1,,ts-price-service,4f34103d118c4712934c5c5ed1282873@10.244.2.203,1682054088899,1682054088899,Mysql/JDBI/Connection/close,Exit,tsdb-mysql-leader:3306,mysql-connector-java,false,Database,
9d36866e3bf049218dc92af751ca9c1f.21816.16820539478280001,9d36866e3bf049218dc92af751ca9c1f.21816.16820539478280000,0,-1,,ts-consign-service,64e546320c6c4136b5ef5ee1982ae02c@10.244.3.32,1682053947828,1682053947829,Mysql/JDBI/Connection/close,Exit,tsdb-mysql-leader:3306,mysql-connector-java,false,Database,
ddfa5ef029554d5f937e0d853b8791d8.22077.16820540400990001,ddfa5ef029554d5f937e0d853b8791d8.22077.16820540400990000,0,-1,,ts-inside-payment-service,bc085263729c4beab3d61ab4d9bb4696@10.244.5.44,1682054040099,1682054040099,Mysql/JDBI/Connection/close,Exit,tsdb-mysql-leader:3306,mysql-connector-java,false,Database,
e97e76b2fd8b40c88aab1f65e71f21ee.22062.16820532463680001,e97e76b2fd8b40c88aab1f65e71f21ee.22062.16820532463680000,0,-1,,ts-travel2-service,41db7d26c6ed45a7a1a42470223b7976@10.244.4.37,1682053246368,1682053246369,Mysql/JDBI/Connection/close,Exit,tsdb-mysql-leader:3306,mysql-connector-java,false,Database,
5ef425735b4440c58f04c03396efb25a.21669.16820540865610001,5ef425735b4440c58f04c03396efb25a.21669.16820540865610000,0,-1,,ts-security-service,a9483e2e4ccd4707bb522d7cfb80b1fe@10.244.1.174,1682054086561,1682054086561,Mysql/JDBI/Connection/close,Exit,tsdb-mysql-leader:3306,mysql-connector-java,false,Database,
c2b3b34f45d64c0a803a1e2aed305314.21350.16820540694630005,c2b3b34f45d64c0a803a1e2aed305314.21350.16820540694630004,0,-1,,ts-wait-order-service,cdbd52925a2447ef8d45e91cc8620211@10.244.6.33,1682054069463,1682054069463,Mysql/JDBI/Connection/close,Exit,tsdb-mysql-leader:3306,mysql-connector-java,false,Database,
a2fdd88fe9964512a39cb03503574b3e.21013.16820540146660001,a2fdd88fe9964512a39cb03503574b3e.21013.16820540146660000,0,-1,,ts-order-service,19997fafb85a4ecca27f05a39e49d63a@10.244.6.36,1682054014666,1682054014666,Mysql/JDBI/Connection/close,Exit,tsdb-mysql-leader:3306,mysql-connector-java,false,Database,
355d03eba4224393923dfeb9a71122de.21393.16820540571550001,355d03eba4224393923dfeb9a71122de.21393.16820540571550000,0,-1,,ts-delivery-service,311a4e226fca4b698a622b4938a7dda4@10.244.5.36,1682054057155,1682054057156,Mysql/JDBI/Connection/close,Exit,tsdb-mysql-leader:3306,mysql-connector-java,false,Database,
a2fdd88fe9964512a39cb03503574b3e.21013.16820540164510003,a2fdd88fe9964512a39cb03503574b3e.21013.16820540164510002,0,-1,,ts-order-service,19997fafb85a4ecca27f05a39e49d63a@10.244.6.36,1682054016451,1682054016451,Mysql/JDBI/Connection/close,Exit,tsdb-mysql-leader:3306,mysql-connector-java,false,Database,
8ae77d76efce4e49bb0c0a27f66449e0.21255.16820541089640001,8ae77d76efce4e49bb0c0a27f66449e0.21255.16820541089640000,0,-1,,ts-user-service,bfc35afa33304bfdace76599fb3768bd@10.244.5.34,1682054108964,1682054108965,Mysql/JDBI/Connection/close,Exit,tsdb-mysql-leader:3306,mysql-connector-java,false,Database,
dfd11e89d08b4f03bd8a811103ca519f.21094.16820532814130001,dfd11e89d08b4f03bd8a811103ca519f.21094.16820532814130000,0,-1,,ts-route-service,0e9022f0400e4b07a3ae2863ec0c9d68@10.244.4.36,1682053281413,1682053281413,Mysql/JDBI/Connection/close,Exit,tsdb-mysql-leader:3306,mysql-connector-java,false,Database,
649c6cfddcdb43d59f70ea5f5f045064.21179.16820539121200001,649c6cfddcdb43d59f70ea5f5f045064.21179.16820539121200000,0,-1,,ts-station-food-service,23003b3e251c46ba90a80f2c21513a86@10.244.2.204,1682053912120,1682053912120,Mysql/JDBI/Connection/close,Exit,tsdb-mysql-leader:3306,mysql-connector-java,false,Database,
ddfa5ef029554d5f937e0d853b8791d8.22101.16820541303780003,ddfa5ef029554d5f937e0d853b8791d8.22101.16820541303780002,0,-1,,ts-inside-payment-service,bc085263729c4beab3d61ab4d9bb4696@10.244.5.44,1682054130378,1682054130379,Mysql/JDBI/Connection/close,Exit,tsdb-mysql-leader:3306,mysql-connector-java,false,Database,
dcb821ce267b4c1198b13d414a518605.21143.16820541152900001,dcb821ce267b4c1198b13d414a518605.21143.16820541152900000,0,-1,,ts-price-service,4f34103d118c4712934c5c5ed1282873@10.244.2.203,1682054115290,1682054115290,Mysql/JDBI/Connection/close,Exit,tsdb-mysql-leader:3306,mysql-connector-java,false,Database,
dcb821ce267b4c1198b13d414a518605.21114.16820540022450001,dcb821ce267b4c1198b13d414a518605.21114.16820540022450000,0,-1,,ts-price-service,4f34103d118c4712934c5c5ed1282873@10.244.2.203,1682054002245,1682054002246,Mysql/JDBI/Connection/close,Exit,tsdb-mysql-leader:3306,mysql-connector-java,false,Database,
355d03eba4224393923dfeb9a71122de.21408.16820541099360001,355d03eba4224393923dfeb9a71122de.21408.16820541099360000,0,-1,,ts-delivery-service,311a4e226fca4b698a622b4938a7dda4@10.244.5.36,1682054109936,1682054109937,Mysql/JDBI/Connection/close,Exit,tsdb-mysql-leader:3306,mysql-connector-java,false,Database,
76299b20382242d29bd040a1630b2b33.20990.16820540450750001,76299b20382242d29bd040a1630b2b33.20990.16820540450750000,0,-1,,ts-notification-service,f3305785de834e4aa6d2538afaa20382@10.244.1.183,1682054045075,1682054045076,Mysql/JDBI/Connection/close,Exit,tsdb-mysql-leader:3306,mysql-connector-java,false,Database,
a2fdd88fe9964512a39cb03503574b3e.21039.16820541153680001,a2fdd88fe9964512a39cb03503574b3e.21039.16820541153680000,0,-1,,ts-order-service,19997fafb85a4ecca27f05a39e49d63a@10.244.6.36,1682054115368,1682054115369,Mysql/JDBI/Connection/close,Exit,tsdb-mysql-leader:3306,mysql-connector-java,false,Database,
7bbdd9d2feb94b07a865ccee2acb8d20.21031.16820532893150003,7bbdd9d2feb94b07a865ccee2acb8d20.21031.16820532893150002,0,-1,,ts-contacts-service,2439717ceef5475f8982e3fb1db75b59@10.244.4.35,1682053289315,1682053289316,Mysql/JDBI/Connection/close,Exit,tsdb-mysql-leader:3306,mysql-connector-java,false,Database,
9d36866e3bf049218dc92af751ca9c1f.21846.16820540474020001,9d36866e3bf049218dc92af751ca9c1f.21846.16820540474020000,0,-1,,ts-consign-service,64e546320c6c4136b5ef5ee1982ae02c@10.244.3.32,1682054047402,1682054047402,Mysql/JDBI/Connection/close,Exit,tsdb-mysql-leader:3306,mysql-connector-java,false,Database,
99a68a2fd67f4e3aadfc6b0d2674c17e.21435.16820540548760001,99a68a2fd67f4e3aadfc6b0d2674c17e.21435.16820540548760000,0,-1,,ts-travel-service,e97144b347404c96bc944fefa4fa9eeb@10.244.3.42,1682054054876,1682054054877,Mysql/JDBI/Connection/close,Exit,tsdb-mysql-leader:3306,mysql-connector-java,false,Database,
c2b3b34f45d64c0a803a1e2aed305314.21334.16820540100270001,c2b3b34f45d64c0a803a1e2aed305314.21334.16820540100270000,0,-1,,ts-wait-order-service,cdbd52925a2447ef8d45e91cc8620211@10.244.6.33,1682054010027,1682054010028,Mysql/JDBI/Connection/close,Exit,tsdb-mysql-leader:3306,mysql-connector-java,false,Database,
99a68a2fd67f4e3aadfc6b0d2674c17e.21427.16820540316370001,99a68a2fd67f4e3aadfc6b0d2674c17e.21427.16820540316370000,0,-1,,ts-travel-service,e97144b347404c96bc944fefa4fa9eeb@10.244.3.42,1682054031637,1682054031637,Mysql/JDBI/Connection/close,Exit,tsdb-mysql-leader:3306,mysql-connector-java,false,Database,
280e27deed664f9ba63412ccbfce47a8.21030.16820541144140001,280e27deed664f9ba63412ccbfce47a8.21030.16820541144140000,0,-1,,ts-config-service,e2707d0a2a744f21b1b9cac296891033@10.244.3.33,1682054114414,1682054114414,Mysql/JDBI/Connection/close,Exit,tsdb-mysql-leader:3306,mysql-connector-java,false,Database,
7e164eaf35e4498395ca3585b239ad22.21278.16820539657890001,7e164eaf35e4498395ca3585b239ad22.21278.16820539657890000,0,-1,,ts-consign-price-service,3f9c01d70cbf4405a495d85609693754@10.244.5.42,1682053965789,1682053965790,Mysql/JDBI/Connection/close,Exit,tsdb-mysql-leader:3306,mysql-connector-java,false,Database,
a480bb0dfae64169b3e10d1d2febb5c5.22063.16820533261810003,a480bb0dfae64169b3e10d1d2febb5c5.22063.16820533261810002,0,-1,,ts-food-service,b52e0d29d7b14ec299783916a25d96f7@10.244.4.40,1682053326181,1682053326181,Mysql/JDBI/Connection/close,Exit,tsdb-mysql-leader:3306,mysql-connector-java,false,Database,
c2b3b34f45d64c0a803a1e2aed305314.21346.16820540497720001,c2b3b34f45d64c0a803a1e2aed305314.21346.16820540497720000,0,-1,,ts-wait-order-service,cdbd52925a2447ef8d45e91cc8620211@10.244.6.33,1682054049772,1682054049773,Mysql/JDBI/Connection/close,Exit,tsdb-mysql-leader:3306,mysql-connector-java,false,Database,
7bbdd9d2feb94b07a865ccee2acb8d20.21015.16820532301400001,7bbdd9d2feb94b07a865ccee2acb8d20.21015.16820532301400000,0,-1,,ts-contacts-service,2439717ceef5475f8982e3fb1db75b59@10.244.4.35,1682053230140,1682053230141,Mysql/JDBI/Connection/close,Exit,tsdb-mysql-leader:3306,mysql-connector-java,false,Database,
5ef425735b4440c58f04c03396efb25a.21661.16820540608240001,5ef425735b4440c58f04c03396efb25a.21661.16820540608240000,0,-1,,ts-security-service,a9483e2e4ccd4707bb522d7cfb80b1fe@10.244.1.174,1682054060824,1682054060825,Mysql/JDBI/Connection/close,Exit,tsdb-mysql-leader:3306,mysql-connector-java,false,Database,
ede2768f5421415183c8d3bb70c95835.20786.16820540798130001,ede2768f5421415183c8d3bb70c95835.20786.16820540798130000,0,-1,,ts-food-delivery-service,6b755a05a1af4556b054da2993993eb9@10.244.6.28,1682054079813,1682054079814,Mysql/JDBI/Connection/close,Exit,tsdb-mysql-leader:3306,mysql-connector-java,false,Database,
dcb821ce267b4c1198b13d414a518605.21105.16820539747290001,dcb821ce267b4c1198b13d414a518605.21105.16820539747290000,0,-1,,ts-price-service,4f34103d118c4712934c5c5ed1282873@10.244.2.203,1682053974730,1682053974730,Mysql/JDBI/Connection/close,Exit,tsdb-mysql-leader:3306,mysql-connector-java,false,Database,
497198762289412f81a44f744e87c4db.21367.16820541034470001,497198762289412f81a44f744e87c4db.21367.16820541034470000,0,-1,,ts-train-food-service,67ec3dc744b54b0099e1d8663431fd94@10.244.5.37,1682054103447,1682054103447,Mysql/JDBI/Connection/close,Exit,tsdb-mysql-leader:3306,mysql-connector-java,false,Database,
dfd11e89d08b4f03bd8a811103ca519f.21085.16820532579600001,dfd11e89d08b4f03bd8a811103ca519f.21085.16820532579600000,0,-1,,ts-route-service,0e9022f0400e4b07a3ae2863ec0c9d68@10.244.4.36,1682053257960,1682053257960,Mysql/JDBI/Connection/close,Exit,tsdb-mysql-leader:3306,mysql-connector-java,false,Database,
649c6cfddcdb43d59f70ea5f5f045064.21209.16820540480930001,649c6cfddcdb43d59f70ea5f5f045064.21209.16820540480930000,0,-1,,ts-station-food-service,23003b3e251c46ba90a80f2c21513a86@10.244.2.204,1682054048093,1682054048094,Mysql/JDBI/Connection/close,Exit,tsdb-mysql-leader:3306,mysql-connector-java,false,Database,
649c6cfddcdb43d59f70ea5f5f045064.21233.16820541329800001,649c6cfddcdb43d59f70ea5f5f045064.21233.16820541329800000,0,-1,,ts-station-food-service,23003b3e251c46ba90a80f2c21513a86@10.244.2.204,1682054132980,1682054132980,Mysql/JDBI/Connection/close,Exit,tsdb-mysql-leader:3306,mysql-connector-java,false,Database,
99a68a2fd67f4e3aadfc6b0d2674c17e.21424.16820540222310003,99a68a2fd67f4e3aadfc6b0d2674c17e.21424.16820540222310002,0,-1,,ts-travel-service,e97144b347404c96bc944fefa4fa9eeb@10.244.3.42,1682054022231,1682054022231,Mysql/JDBI/Connection/close,Exit,tsdb-mysql-leader:3306,mysql-connector-java,false,Database,
649c6cfddcdb43d59f70ea5f5f045064.21170.16820538823050001,649c6cfddcdb43d59f70ea5f5f045064.21170.16820538823050000,0,-1,,ts-station-food-service,23003b3e251c46ba90a80f2c21513a86@10.244.2.204,1682053882305,1682053882305,Mysql/JDBI/Connection/close,Exit,tsdb-mysql-leader:3306,mysql-connector-java,false,Database,
7bbdd9d2feb94b07a865ccee2acb8d20.21020.16820532409140001,7bbdd9d2feb94b07a865ccee2acb8d20.21020.16820532409140000,0,-1,,ts-contacts-service,2439717ceef5475f8982e3fb1db75b59@10.244.4.35,1682053240914,1682053240915,Mysql/JDBI/Connection/close,Exit,tsdb-mysql-leader:3306,mysql-connector-java,false,Database,
99a68a2fd67f4e3aadfc6b0d2674c17e.21394.16820539293020001,99a68a2fd67f4e3aadfc6b0d2674c17e.21394.16820539293020000,0,-1,,ts-travel-service,e97144b347404c96bc944fefa4fa9eeb@10.244.3.42,1682053929302,1682053929302,Mysql/JDBI/Connection/close,Exit,tsdb-mysql-leader:3306,mysql-connector-java,false,Database,
497198762289412f81a44f744e87c4db.21354.16820540541760001,497198762289412f81a44f744e87c4db.21354.16820540541760000,0,-1,,ts-train-food-service,67ec3dc744b54b0099e1d8663431fd94@10.244.5.37,1682054054176,1682054054176,Mysql/JDBI/Connection/close,Exit,tsdb-mysql-leader:3306,mysql-connector-java,false,Database,
1497eb66837f4ecb802cfa725c24dd42.21437.16820540840010001,1497eb66837f4ecb802cfa725c24dd42.21437.16820540840010000,0,-1,,ts-assurance-service,5c0f0936b49241f5bf94a1036112ea10@10.244.5.40,1682054084001,1682054084001,Mysql/JDBI/Connection/close,Exit,tsdb-mysql-leader:3306,mysql-connector-java,false,Database,
9d36866e3bf049218dc92af751ca9c1f.21849.16820540580230003,9d36866e3bf049218dc92af751ca9c1f.21849.16820540580230002,0,-1,,ts-consign-service,64e546320c6c4136b5ef5ee1982ae02c@10.244.3.32,1682054058023,1682054058024,Mysql/JDBI/Connection/close,Exit,tsdb-mysql-leader:3306,mysql-connector-java,false,Database,
ea80fd349404451d9c4c2c5be7fb6d5d.21876.16820539910850001,ea80fd349404451d9c4c2c5be7fb6d5d.21876.16820539910850000,0,-1,,ts-auth-service,149e5cdc939f43adad0035797b056e89@10.244.6.35,1682053991085,1682053991086,Mysql/JDBI/Connection/close,Exit,tsdb-mysql-leader:3306,mysql-connector-java,false,Database,
67637fedc3e2414b8a09e62324b2b4d7.21229.16820541280440001,67637fedc3e2414b8a09e62324b2b4d7.21229.16820541280440000,0,-1,,ts-train-service,6ddd672a77654b3c8040af40114829c5@10.244.1.178,1682054128044,1682054128045,Mysql/JDBI/Connection/close,Exit,tsdb-mysql-leader:3306,mysql-connector-java,false,Database,
67637fedc3e2414b8a09e62324b2b4d7.21215.16820540785690001,67637fedc3e2414b8a09e62324b2b4d7.21215.16820540785690000,0,-1,,ts-train-service,6ddd672a77654b3c8040af40114829c5@10.244.1.178,1682054078569,1682054078570,Mysql/JDBI/Connection/close,Exit,tsdb-mysql-leader:3306,mysql-connector-java,false,Database,
67637fedc3e2414b8a09e62324b2b4d7.21211.16820540672760001,67637fedc3e2414b8a09e62324b2b4d7.21211.16820540672760000,0,-1,,ts-train-service,6ddd672a77654b3c8040af40114829c5@10.244.1.178,1682054067276,1682054067277,Mysql/JDBI/Connection/close,Exit,tsdb-mysql-leader:3306,mysql-connector-java,false,Database,
5ef425735b4440c58f04c03396efb25a.21640.16820539938400001,5ef425735b4440c58f04c03396efb25a.21640.16820539938400000,0,-1,,ts-security-service,a9483e2e4ccd4707bb522d7cfb80b1fe@10.244.1.174,1682053993840,1682053993841,Mysql/JDBI/Connection/close,Exit,tsdb-mysql-leader:3306,mysql-connector-java,false,Database,
9d36866e3bf049218dc92af751ca9c1f.21821.16820539607710001,9d36866e3bf049218dc92af751ca9c1f.21821.16820539607710000,0,-1,,ts-consign-service,64e546320c6c4136b5ef5ee1982ae02c@10.244.3.32,1682053960771,1682053960771,Mysql/JDBI/Connection/close,Exit,tsdb-mysql-leader:3306,mysql-connector-java,false,Database,
7bbdd9d2feb94b07a865ccee2acb8d20.21015.16820532311370003,7bbdd9d2feb94b07a865ccee2acb8d20.21015.16820532311370002,0,-1,,ts-contacts-service,2439717ceef5475f8982e3fb1db75b59@10.244.4.35,1682053231137,1682053231138,Mysql/JDBI/Connection/close,Exit,tsdb-mysql-leader:3306,mysql-connector-java,false,Database,
ea80fd349404451d9c4c2c5be7fb6d5d.21918.16820541189080001,ea80fd349404451d9c4c2c5be7fb6d5d.21918.16820541189080000,0,-1,,ts-auth-service,149e5cdc939f43adad0035797b056e89@10.244.6.35,1682054118908,1682054118908,Mysql/JDBI/Connection/close,Exit,tsdb-mysql-leader:3306,mysql-connector-java,false,Database,
a2fdd88fe9964512a39cb03503574b3e.21045.16820541317340001,a2fdd88fe9964512a39cb03503574b3e.21045.16820541317340000,0,-1,,ts-order-service,19997fafb85a4ecca27f05a39e49d63a@10.244.6.36,1682054131734,1682054131735,Mysql/JDBI/Connection/close,Exit,tsdb-mysql-leader:3306,mysql-connector-java,false,Database,
ea80fd349404451d9c4c2c5be7fb6d5d.21893.16820540420040001,ea80fd349404451d9c4c2c5be7fb6d5d.21893.16820540420040000,0,-1,,ts-auth-service,149e5cdc939f43adad0035797b056e89@10.244.6.35,1682054042004,1682054042004,Mysql/JDBI/Connection/close,Exit,tsdb-mysql-leader:3306,mysql-connector-java,false,Database,
355d03eba4224393923dfeb9a71122de.21362.16820539308280001,355d03eba4224393923dfeb9a71122de.21362.16820539308280000,0,-1,,ts-delivery-service,311a4e226fca4b698a622b4938a7dda4@10.244.5.36,1682053930828,1682053930828,Mysql/JDBI/Connection/close,Exit,tsdb-mysql-leader:3306,mysql-connector-java,false,Database,
280e27deed664f9ba63412ccbfce47a8.21036.16820541300720001,280e27deed664f9ba63412ccbfce47a8.21036.16820541300720000,0,-1,,ts-config-service,e2707d0a2a744f21b1b9cac296891033@10.244.3.33,1682054130072,1682054130072,Mysql/JDBI/Connection/close,Exit,tsdb-mysql-leader:3306,mysql-connector-java,false,Database,
7e164eaf35e4498395ca3585b239ad22.21317.16820541004700001,7e164eaf35e4498395ca3585b239ad22.21317.16820541004700000,0,-1,,ts-consign-price-service,3f9c01d70cbf4405a495d85609693754@10.244.5.42,1682054100470,1682054100471,Mysql/JDBI/Connection/close,Exit,tsdb-mysql-leader:3306,mysql-connector-java,false,Database,
ea80fd349404451d9c4c2c5be7fb6d5d.21905.16820540781890001,ea80fd349404451d9c4c2c5be7fb6d5d.21905.16820540781890000,0,-1,,ts-auth-service,149e5cdc939f43adad0035797b056e89@10.244.6.35,1682054078189,1682054078190,Mysql/JDBI/Connection/close,Exit,tsdb-mysql-leader:3306,mysql-connector-java,false,Database,
ede2768f5421415183c8d3bb70c95835.20763.16820539835390001,ede2768f5421415183c8d3bb70c95835.20763.16820539835390000,0,-1,,ts-food-delivery-service,6b755a05a1af4556b054da2993993eb9@10.244.6.28,1682053983539,1682053983540,Mysql/JDBI/Connection/close,Exit,tsdb-mysql-leader:3306,mysql-connector-java,false,Database,
649c6cfddcdb43d59f70ea5f5f045064.21216.16820540721930003,649c6cfddcdb43d59f70ea5f5f045064.21216.16820540721930002,0,-1,,ts-station-food-service,23003b3e251c46ba90a80f2c21513a86@10.244.2.204,1682054072193,1682054072194,Mysql/JDBI/Connection/close,Exit,tsdb-mysql-leader:3306,mysql-connector-java,false,Database,
1497eb66837f4ecb802cfa725c24dd42.21423.16820540480170001,1497eb66837f4ecb802cfa725c24dd42.21423.16820540480170000,0,-1,,ts-assurance-service,5c0f0936b49241f5bf94a1036112ea10@10.244.5.40,1682054048017,1682054048018,Mysql/JDBI/Connection/close,Exit,tsdb-mysql-leader:3306,mysql-connector-java,false,Database,
99a68a2fd67f4e3aadfc6b0d2674c17e.21440.16820540691890001,99a68a2fd67f4e3aadfc6b0d2674c17e.21440.16820540691890000,0,-1,,ts-travel-service,e97144b347404c96bc944fefa4fa9eeb@10.244.3.42,1682054069189,1682054069189,Mysql/JDBI/Connection/close,Exit,tsdb-mysql-leader:3306,mysql-connector-java,false,Database,
bd18e09088e349c69b43c47e873b1de0.20984.16820540799270001,bd18e09088e349c69b43c47e873b1de0.20984.16820540799270000,0,-1,,ts-payment-service,423f7131bc8f402494418a52f0f60ec2@10.244.6.30,1682054079927,1682054079928,Mysql/JDBI/Connection/close,Exit,tsdb-mysql-leader:3306,mysql-connector-java,false,Database,
dfd11e89d08b4f03bd8a811103ca519f.21067.16820532039430001,dfd11e89d08b4f03bd8a811103ca519f.21067.16820532039430000,0,-1,,ts-route-service,0e9022f0400e4b07a3ae2863ec0c9d68@10.244.4.36,1682053203943,1682053203943,Mysql/JDBI/Connection/close,Exit,tsdb-mysql-leader:3306,mysql-connector-java,false,Database,
497198762289412f81a44f744e87c4db.21372.16820541101180001,497198762289412f81a44f744e87c4db.21372.16820541101180000,0,-1,,ts-train-food-service,67ec3dc744b54b0099e1d8663431fd94@10.244.5.37,1682054110118,1682054110118,Mysql/JDBI/Connection/close,Exit,tsdb-mysql-leader:3306,mysql-connector-java,false,Database,
9d36866e3bf049218dc92af751ca9c1f.21811.16820539360970001,9d36866e3bf049218dc92af751ca9c1f.21811.16820539360970000,0,-1,,ts-consign-service,64e546320c6c4136b5ef5ee1982ae02c@10.244.3.32,1682053936097,1682053936097,Mysql/JDBI/Connection/close,Exit,tsdb-mysql-leader:3306,mysql-connector-java,false,Database,
dfd11e89d08b4f03bd8a811103ca519f.21091.16820532717550001,dfd11e89d08b4f03bd8a811103ca519f.21091.16820532717550000,0,-1,,ts-route-service,0e9022f0400e4b07a3ae2863ec0c9d68@10.244.4.36,1682053271755,1682053271756,Mysql/JDBI/Connection/close,Exit,tsdb-mysql-leader:3306,mysql-connector-java,false,Database,
99a68a2fd67f4e3aadfc6b0d2674c17e.21401.16820539446030001,99a68a2fd67f4e3aadfc6b0d2674c17e.21401.16820539446030000,0,-1,,ts-travel-service,e97144b347404c96bc944fefa4fa9eeb@10.244.3.42,1682053944603,1682053944604,Mysql/JDBI/Connection/close,Exit,tsdb-mysql-leader:3306,mysql-connector-java,false,Database,
a480bb0dfae64169b3e10d1d2febb5c5.22033.16820532346700001,a480bb0dfae64169b3e10d1d2febb5c5.22033.16820532346700000,0,-1,,ts-food-service,b52e0d29d7b14ec299783916a25d96f7@10.244.4.40,1682053234670,1682053234670,Mysql/JDBI/Connection/close,Exit,tsdb-mysql-leader:3306,mysql-connector-java,false,Database,
ede2768f5421415183c8d3bb70c95835.20803.16820541294950001,ede2768f5421415183c8d3bb70c95835.20803.16820541294950000,0,-1,,ts-food-delivery-service,6b755a05a1af4556b054da2993993eb9@10.244.6.28,1682054129495,1682054129495,Mysql/JDBI/Connection/close,Exit,tsdb-mysql-leader:3306,mysql-connector-java,false,Database,
8ae77d76efce4e49bb0c0a27f66449e0.21252.16820541031480001,8ae77d76efce4e49bb0c0a27f66449e0.21252.16820541031480000,0,-1,,ts-user-service,bfc35afa33304bfdace76599fb3768bd@10.244.5.34,1682054103148,1682054103149,Mysql/JDBI/Connection/close,Exit,tsdb-mysql-leader:3306,mysql-connector-java,false,Database,
7bbdd9d2feb94b07a865ccee2acb8d20.21031.16820532855480001,7bbdd9d2feb94b07a865ccee2acb8d20.21031.16820532855480000,0,-1,,ts-contacts-service,2439717ceef5475f8982e3fb1db75b59@10.244.4.35,1682053285548,1682053285549,Mysql/JDBI/Connection/close,Exit,tsdb-mysql-leader:3306,mysql-connector-java,false,Database,
7e164eaf35e4498395ca3585b239ad22.21310.16820540799240001,7e164eaf35e4498395ca3585b239ad22.21310.16820540799240000,0,-1,,ts-consign-price-service,3f9c01d70cbf4405a495d85609693754@10.244.5.42,1682054079924,1682054079925,Mysql/JDBI/Connection/close,Exit,tsdb-mysql-leader:3306,mysql-connector-java,false,Database,
dfd11e89d08b4f03bd8a811103ca519f.21078.16820532444740001,dfd11e89d08b4f03bd8a811103ca519f.21078.16820532444740000,0,-1,,ts-route-service,0e9022f0400e4b07a3ae2863ec0c9d68@10.244.4.36,1682053244474,1682053244474,Mysql/JDBI/Connection/close,Exit,tsdb-mysql-leader:3306,mysql-connector-java,false,Database,
bd18e09088e349c69b43c47e873b1de0.20952.16820539440880001,bd18e09088e349c69b43c47e873b1de0.20952.16820539440880000,0,-1,,ts-payment-service,423f7131bc8f402494418a52f0f60ec2@10.244.6.30,1682053944088,1682053944088,Mysql/JDBI/Connection/close,Exit,tsdb-mysql-leader:3306,mysql-connector-java,false,Database,
9d36866e3bf049218dc92af751ca9c1f.21828.16820539787100001,9d36866e3bf049218dc92af751ca9c1f.21828.16820539787100000,0,-1,,ts-consign-service,64e546320c6c4136b5ef5ee1982ae02c@10.244.3.32,1682053978710,1682053978711,Mysql/JDBI/Connection/close,Exit,tsdb-mysql-leader:3306,mysql-connector-java,false,Database,
c2b3b34f45d64c0a803a1e2aed305314.21350.16820540620810001,c2b3b34f45d64c0a803a1e2aed305314.21350.16820540620810000,0,-1,,ts-wait-order-service,cdbd52925a2447ef8d45e91cc8620211@10.244.6.33,1682054062081,1682054062082,Mysql/JDBI/Connection/close,Exit,tsdb-mysql-leader:3306,mysql-connector-java,false,Database,
dcb821ce267b4c1198b13d414a518605.21128.16820540600600001,dcb821ce267b4c1198b13d414a518605.21128.16820540600600000,0,-1,,ts-price-service,4f34103d118c4712934c5c5ed1282873@10.244.2.203,1682054060060,1682054060061,Mysql/JDBI/Connection/close,Exit,tsdb-mysql-leader:3306,mysql-connector-java,false,Database,
bd18e09088e349c69b43c47e873b1de0.20959.16820539649100001,bd18e09088e349c69b43c47e873b1de0.20959.16820539649100000,0,-1,,ts-payment-service,423f7131bc8f402494418a52f0f60ec2@10.244.6.30,1682053964910,1682053964911,Mysql/JDBI/Connection/close,Exit,tsdb-mysql-leader:3306,mysql-connector-java,false,Database,
649c6cfddcdb43d59f70ea5f5f045064.21216.16820540707170001,649c6cfddcdb43d59f70ea5f5f045064.21216.16820540707170000,0,-1,,ts-station-food-service,23003b3e251c46ba90a80f2c21513a86@10.244.2.204,1682054070717,1682054070717,Mysql/JDBI/Connection/close,Exit,tsdb-mysql-leader:3306,mysql-connector-java,false,Database,
67637fedc3e2414b8a09e62324b2b4d7.21202.16820540460310001,67637fedc3e2414b8a09e62324b2b4d7.21202.16820540460310000,0,-1,,ts-train-service,6ddd672a77654b3c8040af40114829c5@10.244.1.178,1682054046031,1682054046031,Mysql/JDBI/Connection/close,Exit,tsdb-mysql-leader:3306,mysql-connector-java,false,Database,
8ae77d76efce4e49bb0c0a27f66449e0.21241.16820540631580001,8ae77d76efce4e49bb0c0a27f66449e0.21241.16820540631580000,0,-1,,ts-user-service,bfc35afa33304bfdace76599fb3768bd@10.244.5.34,1682054063158,1682054063158,Mysql/JDBI/Connection/close,Exit,tsdb-mysql-leader:3306,mysql-connector-java,false,Database,
e97e76b2fd8b40c88aab1f65e71f21ee.22058.16820532352590001,e97e76b2fd8b40c88aab1f65e71f21ee.22058.16820532352590000,0,-1,,ts-travel2-service,41db7d26c6ed45a7a1a42470223b7976@10.244.4.37,1682053235259,1682053235260,Mysql/JDBI/Connection/close,Exit,tsdb-mysql-leader:3306,mysql-connector-java,false,Database,
497198762289412f81a44f744e87c4db.21376.16820541212580001,497198762289412f81a44f744e87c4db.21376.16820541212580000,0,-1,,ts-train-food-service,67ec3dc744b54b0099e1d8663431fd94@10.244.5.37,1682054121258,1682054121259,Mysql/JDBI/Connection/close,Exit,tsdb-mysql-leader:3306,mysql-connector-java,false,Database,
ddfa5ef029554d5f937e0d853b8791d8.22101.16820541333690005,ddfa5ef029554d5f937e0d853b8791d8.22101.16820541333690004,0,-1,,ts-inside-payment-service,bc085263729c4beab3d61ab4d9bb4696@10.244.5.44,1682054133369,1682054133370,Mysql/JDBI/Connection/close,Exit,tsdb-mysql-leader:3306,mysql-connector-java,false,Database,
76299b20382242d29bd040a1630b2b33.20997.16820540680140001,76299b20382242d29bd040a1630b2b33.20997.16820540680140000,0,-1,,ts-notification-service,f3305785de834e4aa6d2538afaa20382@10.244.1.183,1682054068014,1682054068015,Mysql/JDBI/Connection/close,Exit,tsdb-mysql-leader:3306,mysql-connector-java,false,Database,
1497eb66837f4ecb802cfa725c24dd42.21419.16820540400740001,1497eb66837f4ecb802cfa725c24dd42.21419.16820540400740000,0,-1,,ts-assurance-service,5c0f0936b49241f5bf94a1036112ea10@10.244.5.40,1682054040074,1682054040075,Mysql/JDBI/Connection/close,Exit,tsdb-mysql-leader:3306,mysql-connector-java,false,Database,
ddfa5ef029554d5f937e0d853b8791d8.22094.16820541092960001,ddfa5ef029554d5f937e0d853b8791d8.22094.16820541092960000,0,-1,,ts-inside-payment-service,bc085263729c4beab3d61ab4d9bb4696@10.244.5.44,1682054109296,1682054109297,Mysql/JDBI/Connection/close,Exit,tsdb-mysql-leader:3306,mysql-connector-java,false,Database,